<?xml version="1.0" encoding="iso-8859-1"?>
<rss xmlns:itunes="http://www.itunes.com/DTDs/Podcast-1.0.dtd" version="2.0">
<channel>
<title>Der lustige Austronaut</title>
<link>http://kultur.oeh.jku.at</link>
<description>Eine kleine Beschreibung dieses Feeds</description>
<language>de-at</language>
<generator>Huber und eL Boato</generator>
<copyright>2007 by CampusRadio Linz</copyright>
<webMaster>campusradio@oeh.jku.at</webMaster>
<lastBuildDate>Thu, 11 Oct 2007 14:32:43</lastBuildDate>
<image>
<url></url>
<title></title>
<link></link>
</image>


</channel>
</rss>
